stage,causal_effect,std_error,p_value,r_squared,f_stat,f_p_value,grid_id,instrument,control_vars,significant
1,-12.30824489057928,2.9139723949257177,2.9626059391573555e-05,0.722068837521218,51.817071460649665,2.094835772512104e-28,137,rank_diff,"['total_value', 'team_home']",True
2,-23.419339995716335,3.1620601978240788,1.6486386601227857e-12,0.5750716973964709,20.690731925045547,4.216752119119371e-12,137,rank_diff,"['total_value', 'team_home']",True
3,-22.555483918289283,5.02815762371989,1.4945722951422941e-05,0.5652234364394948,10.246396465530141,3.8039443162042535e-06,137,rank_diff,"['total_value', 'team_home']",True
4,-17.798649731502408,6.562467473613819,0.00848546382960024,0.5363808537804569,7.870201923753006,0.00014211781627434587,137,rank_diff,"['total_value', 'team_home']",False
5,-7.958373275007388,4.464145025072605,0.083832291401053,0.5954401398235096,8.929838129536478,0.00017876416344527038,137,rank_diff,"['total_value', 'team_home']",True
6,-1.9352469333317088,2.8559191253616896,0.5066258000464994,0.6121869937343183,4.506398981724742,0.01585112264021244,137,rank_diff,"['total_value', 'team_home']",False
