stage,2sls_iv,std_error,p_value,r_squared,f_stat,f_p_value,causal_effect,grid_id,instrument,control_vars,significant
1,-0.4291595267823875,0.19891432174479842,0.03154913629379832,0.03298617297458328,35.26125758774754,2.7822172649266274e-20,-0.21150245031908038,21,team_better,"['total_value', 'extra_time']",True
2,-0.014627525811882154,0.2237973225074052,0.9479350879062907,0.04801236260941433,23.677208206910603,1.2179350303484017e-13,-0.007208875390729501,21,team_better,"['total_value', 'extra_time']",False
3,-0.6370902923171918,0.34943328579384053,0.07038968153053421,0.03879491489889608,11.751884114307344,6.425853738118581e-07,-0.31397685357200644,21,team_better,"['total_value', 'extra_time']",True
4,0.56711003392194,0.28549297739677815,0.05107882344522841,0.271002408714923,16.47575665474942,4.006061284303334e-08,0.27948852184247863,21,team_better,"['total_value', 'extra_time']",True
5,-0.30197569415138276,0.9491234963596623,0.7523663216781682,0.09743168831382265,4.806751745633111,0.0069268929555156,-0.14882251299109173,21,team_better,"['total_value', 'extra_time']",False
6,0.2447867241869306,0.4996393552683217,0.6308354535139105,0.05493335629053764,3.489949399702929,0.040391937766168964,0.12063810480751387,21,team_better,"['total_value', 'extra_time']",False
