stage,2sls_iv,std_error,p_value,r_squared,f_stat,f_p_value,causal_effect,grid_id,instrument,control_vars,significant
1,-0.45182865883637724,0.19539356014369325,0.021252443007347983,0.06388297055783398,35.2509996898023,2.8161044035165496e-20,-0.22267446603075025,3,team_better,"['team_size', 'total_value']",True
2,-0.009778742653604032,0.22196115490541304,0.9648921306799215,0.05292568284558996,24.221214165659305,6.445691940472398e-14,-0.0048192522901296065,3,team_better,"['team_size', 'total_value']",False
3,-0.6230941940049072,0.3637210031672706,0.08889015587184676,0.03501399927988458,11.920686063131326,5.277189834613801e-07,-0.30707916424387005,3,team_better,"['team_size', 'total_value']",True
4,0.5155206692241636,0.28118998268455525,0.07119246543794103,0.2599654860549163,17.795811503019806,1.3333817896842357e-08,0.25406376400058384,3,team_better,"['team_size', 'total_value']",True
5,-0.2911933639163624,0.9674433997996247,0.7653084652963302,0.023061122382261434,4.860878035280518,0.006568459898308914,-0.14350866319273303,3,team_better,"['team_size', 'total_value']",False
6,0.2164009741678803,0.4960607703084831,0.6684925426638286,0.06781489432769228,3.6990129909346683,0.0339445306509894,0.10664877145125291,3,team_better,"['team_size', 'total_value']",False
